{
    "epoch": 26,
    "loss": 1.2049702405929565,
    "val_loss": 0.5372926592826843
}